https://govt.westlaw.com/calregs/Browse/Home/California/CaliforniaCodeofRegulations?guid=I3C7BC4F0D3B111DE80E09959A9407E24&amp;originationContext=documenttoc&amp;transitionType=Default&amp;contextData=(sc.Default)
https://govt.westlaw.com/calregs/Browse/Home/California/CaliforniaCodeofRegulations?guid=I1CF55150D48D11DEBC02831C6D6C108E&amp;originationContext=documenttoc&amp;transitionType=Default&amp;contextData=(sc.Default)
https://govt.westlaw.com/calregs/Browse/Home/California/CaliforniaCodeofRegulations?guid=I790FB790D45711DEB97CF67CD0B99467&amp;originationContext=documenttoc&amp;transitionType=Default&amp;contextData=(sc.Default)
https://govt.westlaw.com/calregs/Browse/Home/California/CaliforniaCodeofRegulations?guid=I02577470D45811DEA95CA4428EC25FA0&amp;originationContext=documenttoc&amp;transitionType=Default&amp;contextData=(sc.Default)
https://govt.westlaw.com/calregs/Browse/Home/California/CaliforniaCodeofRegulations?guid=I836118C0D47E11DEBC02831C6D6C108E&amp;originationContext=documenttoc&amp;transitionType=Default&amp;contextData=(sc.Default)
https://govt.westlaw.com/calregs/Browse/Home/California/CaliforniaCodeofRegulations?guid=IC6625340D44811DEA95CA4428EC25FA0&amp;originationContext=documenttoc&amp;transitionType=Default&amp;contextData=(sc.Default)
https://govt.westlaw.com/calregs/Browse/Home/California/CaliforniaCodeofRegulations?guid=ICBC28DB0D47911DE8879F88E8B0DAAAE&amp;originationContext=documenttoc&amp;transitionType=Default&amp;contextData=(sc.Default)
https://govt.westlaw.com/calregs/Browse/Home/California/CaliforniaCodeofRegulations?guid=I948674A0D45211DEB97CF67CD0B99467&amp;originationContext=documenttoc&amp;transitionType=Default&amp;contextData=(sc.Default)
https://govt.westlaw.com/calregs/Browse/Home/California/CaliforniaCodeofRegulations?guid=I0EB28750D48A11DEBC02831C6D6C108E&amp;originationContext=documenttoc&amp;transitionType=Default&amp;contextData=(sc.Default)
https://govt.westlaw.com/calregs/Browse/Home/California/CaliforniaCodeofRegulations?guid=I44680200D45111DEB97CF67CD0B99467&amp;originationContext=documenttoc&amp;transitionType=Default&amp;contextData=(sc.Default)
https://govt.westlaw.com/calregs/Browse/Home/California/CaliforniaCodeofRegulations?guid=IF32F22E0D44811DEA95CA4428EC25FA0&amp;originationContext=documenttoc&amp;transitionType=Default&amp;contextData=(sc.Default)
https://govt.westlaw.com/calregs/Browse/Home/California/CaliforniaCodeofRegulations?guid=I143B9530D46811DE8879F88E8B0DAAAE&amp;originationContext=documenttoc&amp;transitionType=Default&amp;contextData=(sc.Default)
https://govt.westlaw.com/calregs/Browse/Home/California/CaliforniaCodeofRegulations?guid=I9B44DC50D47F11DEBC02831C6D6C108E&amp;originationContext=documenttoc&amp;transitionType=Default&amp;contextData=(sc.Default)
https://govt.westlaw.com/calregs/Browse/Home/California/CaliforniaCodeofRegulations?guid=I090873D0D47311DEBC02831C6D6C108E&amp;originationContext=documenttoc&amp;transitionType=Default&amp;contextData=(sc.Default)
https://govt.westlaw.com/calregs/Browse/Home/California/CaliforniaCodeofRegulations?guid=I250F83D0D48B11DEBC02831C6D6C108E&amp;originationContext=documenttoc&amp;transitionType=Default&amp;contextData=(sc.Default)
https://govt.westlaw.com/calregs/Browse/Home/California/CaliforniaCodeofRegulations?guid=I38842B20D60511DE88AEDDE29ED1DC0A&amp;originationContext=documenttoc&amp;transitionType=Default&amp;contextData=(sc.Default)
https://govt.westlaw.com/calregs/Browse/Home/California/CaliforniaCodeofRegulations?guid=I11B9A210D46411DEB97CF67CD0B99467&amp;originationContext=documenttoc&amp;transitionType=Default&amp;contextData=(sc.Default)
https://govt.westlaw.com/calregs/Browse/Home/California/CaliforniaCodeofRegulations?guid=I58E13FD0D45111DEA95CA4428EC25FA0&amp;originationContext=documenttoc&amp;transitionType=Default&amp;contextData=(sc.Default)
https://govt.westlaw.com/calregs/Browse/Home/California/CaliforniaCodeofRegulations?guid=I237B3BF0D44E11DEA95CA4428EC25FA0&amp;originationContext=documenttoc&amp;transitionType=Default&amp;contextData=(sc.Default)
https://govt.westlaw.com/calregs/Browse/Home/California/CaliforniaCodeofRegulations?guid=I7CD37A80D45011DEB97CF67CD0B99467&amp;originationContext=documenttoc&amp;transitionType=Default&amp;contextData=(sc.Default)
https://govt.westlaw.com/calregs/Browse/Home/California/CaliforniaCodeofRegulations?guid=I6F56A7E1D4B611DE8879F88E8B0DAAAE&amp;originationContext=documenttoc&amp;transitionType=Default&amp;contextData=(sc.Default)
https://govt.westlaw.com/calregs/Browse/Home/California/CaliforniaCodeofRegulations?guid=I010C6BF0D45A11DEA95CA4428EC25FA0&amp;originationContext=documenttoc&amp;transitionType=Default&amp;contextData=(sc.Default)
https://govt.westlaw.com/calregs/Browse/Home/California/CaliforniaCodeofRegulations?guid=I0F3B6B60D45311DEB97CF67CD0B99467&amp;originationContext=documenttoc&amp;transitionType=Default&amp;contextData=(sc.Default)
https://govt.westlaw.com/calregs/Browse/Home/California/CaliforniaCodeofRegulations?guid=I5B751C00D44F11DEB97CF67CD0B99467&amp;originationContext=documenttoc&amp;transitionType=Default&amp;contextData=(sc.Default)
https://govt.westlaw.com/calregs/Browse/Home/California/CaliforniaCodeofRegulations?guid=I9C47A720D44F11DEA95CA4428EC25FA0&amp;originationContext=documenttoc&amp;transitionType=Default&amp;contextData=(sc.Default)
https://govt.westlaw.com/calregs/Browse/Home/California/CaliforniaCodeofRegulations?guid=IAE4879A0D44911DEB97CF67CD0B99467&amp;originationContext=documenttoc&amp;transitionType=Default&amp;contextData=(sc.Default)
https://govt.westlaw.com/calregs/Browse/Home/California/CaliforniaCodeofRegulations?guid=ID2099D636FA44AA5A57521CA3B3269D8&amp;originationContext=documenttoc&amp;transitionType=Default&amp;contextData=(sc.Default)
https://govt.westlaw.com/calregs/Browse/Home/California/CaliforniaCodeofRegulations?guid=IE4BDD690D48C11DEBC02831C6D6C108E&amp;originationContext=documenttoc&amp;transitionType=Default&amp;contextData=(sc.Default)
https://govt.westlaw.com/calregs/Browse/Home/California/CaliforniaCodeofRegulations?guid=IC99E049952EB4F79A361B7B3F96101CC&amp;originationContext=documenttoc&amp;transitionType=Default&amp;contextData=(sc.Default)
https://govt.westlaw.com/calregs/Browse/Home/California/CaliforniaCodeofRegulations?guid=I75C2E5AFB5044BC09C404FADC48F591F&amp;originationContext=documenttoc&amp;transitionType=Default&amp;contextData=(sc.Default)
https://govt.westlaw.com/calregs/Browse/Home/California/CaliforniaCodeofRegulations?guid=I751EFAF0D48F11DEBC02831C6D6C108E&amp;originationContext=documenttoc&amp;transitionType=Default&amp;contextData=(sc.Default)
https://govt.westlaw.com/calregs/Browse/Home/California/CaliforniaCodeofRegulations?guid=IFD0F84E0D49211DEBC02831C6D6C108E&amp;originationContext=documenttoc&amp;transitionType=Default&amp;contextData=(sc.Default)
https://govt.westlaw.com/calregs/Browse/Home/California/CaliforniaCodeofRegulations?guid=I0A219E70D49311DEBC02831C6D6C108E&amp;originationContext=documenttoc&amp;transitionType=Default&amp;contextData=(sc.Default)
https://govt.westlaw.com/calregs/Browse/Home/California/CaliforniaCodeofRegulations?guid=I17E3F530D49311DEBC02831C6D6C108E&amp;originationContext=documenttoc&amp;transitionType=Default&amp;contextData=(sc.Default)
https://govt.westlaw.com/calregs/Browse/Home/California/CaliforniaCodeofRegulations?guid=I60EE3B00D49311DEBC02831C6D6C108E&amp;originationContext=documenttoc&amp;transitionType=Default&amp;contextData=(sc.Default)
https://govt.westlaw.com/calregs/Browse/Home/California/CaliforniaCodeofRegulations?guid=I749052B0D49311DEBC02831C6D6C108E&amp;originationContext=documenttoc&amp;transitionType=Default&amp;contextData=(sc.Default)
https://govt.westlaw.com/calregs/Browse/Home/California/CaliforniaCodeofRegulations?guid=I11F43940D49411DEBC02831C6D6C108E&amp;originationContext=documenttoc&amp;transitionType=Default&amp;contextData=(sc.Default)
https://govt.westlaw.com/calregs/Browse/Home/California/CaliforniaCodeofRegulations?guid=I30579CB0D49411DEBC02831C6D6C108E&amp;originationContext=documenttoc&amp;transitionType=Default&amp;contextData=(sc.Default)
https://govt.westlaw.com/calregs/Browse/Home/California/CaliforniaCodeofRegulations?guid=I3091BF80D49411DEBC02831C6D6C108E&amp;originationContext=documenttoc&amp;transitionType=Default&amp;contextData=(sc.Default)
https://govt.westlaw.com/calregs/Browse/Home/California/CaliforniaCodeofRegulations?guid=I31BEA6C0D49411DEBC02831C6D6C108E&amp;originationContext=documenttoc&amp;transitionType=Default&amp;contextData=(sc.Default)
https://govt.westlaw.com/calregs/Browse/Home/California/CaliforniaCodeofRegulations?guid=I36CA4ED0D49411DEBC02831C6D6C108E&amp;originationContext=documenttoc&amp;transitionType=Default&amp;contextData=(sc.Default)
https://govt.westlaw.com/calregs/Browse/Home/California/CaliforniaCodeofRegulations?guid=I3879FAA0D49411DEBC02831C6D6C108E&amp;originationContext=documenttoc&amp;transitionType=Default&amp;contextData=(sc.Default)
https://govt.westlaw.com/calregs/Browse/Home/California/CaliforniaCodeofRegulations?guid=I3C379EE0D49411DEBC02831C6D6C108E&amp;originationContext=documenttoc&amp;transitionType=Default&amp;contextData=(sc.Default)
https://govt.westlaw.com/calregs/Browse/Home/California/CaliforniaCodeofRegulations?guid=I72A5C6F94FE54EFDB2EF6271F0436290&amp;originationContext=documenttoc&amp;transitionType=Default&amp;contextData=(sc.Default)
https://govt.westlaw.com/calregs/Browse/Home/California/CaliforniaCodeofRegulations?guid=I3FD9F2F0D49411DEBC02831C6D6C108E&amp;originationContext=documenttoc&amp;transitionType=Default&amp;contextData=(sc.Default)
https://govt.westlaw.com/calregs/Browse/Home/California/CaliforniaCodeofRegulations?guid=I10E3504D6BC645E68C32D4126AD28CDA&amp;originationContext=documenttoc&amp;transitionType=Default&amp;contextData=(sc.Default)
https://govt.westlaw.com/calregs/Browse/Home/California/CaliforniaCodeofRegulations?guid=I45E00090D49411DEBC02831C6D6C108E&amp;originationContext=documenttoc&amp;transitionType=Default&amp;contextData=(sc.Default)
https://govt.westlaw.com/calregs/Browse/Home/California/CaliforniaCodeofRegulations?guid=I47E8EFF0D49411DEBC02831C6D6C108E&amp;originationContext=documenttoc&amp;transitionType=Default&amp;contextData=(sc.Default)
https://govt.westlaw.com/calregs/Browse/Home/California/CaliforniaCodeofRegulations?guid=I651127990DD54CCD8B49A87B7A3EACFA&amp;originationContext=documenttoc&amp;transitionType=Default&amp;contextData=(sc.Default)
https://govt.westlaw.com/calregs/Browse/Home/California/CaliforniaCodeofRegulations?guid=I9819ABABF94847B8AAD5A2DE6A7C9697&amp;originationContext=documenttoc&amp;transitionType=Default&amp;contextData=(sc.Default)
https://govt.westlaw.com/calregs/Browse/Home/California/CaliforniaCodeofRegulations?guid=I709C95F70082410E8C58F0A8FFFB7E42&amp;originationContext=documenttoc&amp;transitionType=Default&amp;contextData=(sc.Default)
https://govt.westlaw.com/calregs/Browse/Home/California/CaliforniaCodeofRegulations?guid=IB417038947AB416AAC48F06750511BC1&amp;originationContext=documenttoc&amp;transitionType=Default&amp;contextData=(sc.Default)
https://govt.westlaw.com/calregs/Browse/Home/California/CaliforniaCodeofRegulations?guid=I524FE6B0D49411DEBC02831C6D6C108E&amp;originationContext=documenttoc&amp;transitionType=Default&amp;contextData=(sc.Default)
https://govt.westlaw.com/calregs/Browse/Home/California/CaliforniaCodeofRegulations?guid=I797C4850D49411DEBC02831C6D6C108E&amp;originationContext=documenttoc&amp;transitionType=Default&amp;contextData=(sc.Default)
https://govt.westlaw.com/calregs/Browse/Home/California/CaliforniaCodeofRegulations?guid=I7DC47950D49411DEBC02831C6D6C108E&amp;originationContext=documenttoc&amp;transitionType=Default&amp;contextData=(sc.Default)
https://govt.westlaw.com/calregs/Browse/Home/California/CaliforniaCodeofRegulations?guid=I7E1E3210D49411DEBC02831C6D6C108E&amp;originationContext=documenttoc&amp;transitionType=Default&amp;contextData=(sc.Default)
https://govt.westlaw.com/calregs/Browse/Home/California/CaliforniaCodeofRegulations?guid=I8A70F340D49411DEBC02831C6D6C108E&amp;originationContext=documenttoc&amp;transitionType=Default&amp;contextData=(sc.Default)
https://govt.westlaw.com/calregs/Browse/Home/California/CaliforniaCodeofRegulations?guid=I915D6940D49411DEBC02831C6D6C108E&amp;originationContext=documenttoc&amp;transitionType=Default&amp;contextData=(sc.Default)
https://govt.westlaw.com/calregs/Browse/Home/California/CaliforniaCodeofRegulations?guid=I94C880B0D49411DEBC02831C6D6C108E&amp;originationContext=documenttoc&amp;transitionType=Default&amp;contextData=(sc.Default)
https://govt.westlaw.com/calregs/Browse/Home/California/CaliforniaCodeofRegulations?guid=I988895F0D49411DEBC02831C6D6C108E&amp;originationContext=documenttoc&amp;transitionType=Default&amp;contextData=(sc.Default)
https://govt.westlaw.com/calregs/Browse/Home/California/CaliforniaCodeofRegulations?guid=IA82E79C0D49411DEBC02831C6D6C108E&amp;originationContext=documenttoc&amp;transitionType=Default&amp;contextData=(sc.Default)
https://govt.westlaw.com/calregs/Browse/Home/California/CaliforniaCodeofRegulations?guid=IABB6DD30D49411DEBC02831C6D6C108E&amp;originationContext=documenttoc&amp;transitionType=Default&amp;contextData=(sc.Default)
https://govt.westlaw.com/calregs/Browse/Home/California/CaliforniaCodeofRegulations?guid=I32C09AEECBA7407BB0F9334E40E52D8A&amp;originationContext=documenttoc&amp;transitionType=Default&amp;contextData=(sc.Default)
https://govt.westlaw.com/calregs/Browse/Home/California/CaliforniaCodeofRegulations?guid=IB2C88E70D49411DEBC02831C6D6C108E&amp;originationContext=documenttoc&amp;transitionType=Default&amp;contextData=(sc.Default)
https://govt.westlaw.com/calregs/Browse/Home/California/CaliforniaCodeofRegulations?guid=IB30AC790D49411DEBC02831C6D6C108E&amp;originationContext=documenttoc&amp;transitionType=Default&amp;contextData=(sc.Default)
https://govt.westlaw.com/calregs/Browse/Home/California/CaliforniaCodeofRegulations?guid=IB6F6F5E0D49411DEBC02831C6D6C108E&amp;originationContext=documenttoc&amp;transitionType=Default&amp;contextData=(sc.Default)
https://govt.westlaw.com/calregs/Browse/Home/California/CaliforniaCodeofRegulations?guid=IB9A37840D49411DEBC02831C6D6C108E&amp;originationContext=documenttoc&amp;transitionType=Default&amp;contextData=(sc.Default)
https://govt.westlaw.com/calregs/Browse/Home/California/CaliforniaCodeofRegulations?guid=IBC7F6F10D49411DEBC02831C6D6C108E&amp;originationContext=documenttoc&amp;transitionType=Default&amp;contextData=(sc.Default)
https://govt.westlaw.com/calregs/Browse/Home/California/CaliforniaCodeofRegulations?guid=IBE16D7F0D49411DEBC02831C6D6C108E&amp;originationContext=documenttoc&amp;transitionType=Default&amp;contextData=(sc.Default)
https://govt.westlaw.com/calregs/Browse/Home/California/CaliforniaCodeofRegulations?guid=IF23A29C08A8F11E1A84CC02653E20F9E&amp;originationContext=documenttoc&amp;transitionType=Default&amp;contextData=(sc.Default)
https://govt.westlaw.com/calregs/Browse/Home/California/CaliforniaCodeofRegulations?guid=IF7747A40A03A11E3B63682B3E5501547&amp;originationContext=documenttoc&amp;transitionType=Default&amp;contextData=(sc.Default)
https://govt.westlaw.com/calregs/Browse/Home/California/CaliforniaCodeofRegulations?guid=I5D1ADAA75333409A83D7F3434DAED736&amp;originationContext=documenttoc&amp;transitionType=Default&amp;contextData=(sc.Default)
https://govt.westlaw.com/calregs/Browse/Home/California/CaliforniaCodeofRegulations?guid=IA801F42A971242A68EF50EF6438E789D&amp;originationContext=documenttoc&amp;transitionType=Default&amp;contextData=(sc.Default)
https://govt.westlaw.com/calregs/Browse/Home/California/CaliforniaCodeofRegulations?guid=I0F3B9270D45311DEB97CF67CD0B99467&amp;originationContext=documenttoc&amp;transitionType=Default&amp;contextData=(sc.Default)
https://govt.westlaw.com/calregs/Browse/Home/California/CaliforniaCodeofRegulations?guid=I845A6980D45511DEB97CF67CD0B99467&amp;originationContext=documenttoc&amp;transitionType=Default&amp;contextData=(sc.Default)
https://govt.westlaw.com/calregs/Browse/Home/California/CaliforniaCodeofRegulations?guid=I1CF57860D48D11DEBC02831C6D6C108E&amp;originationContext=documenttoc&amp;transitionType=Default&amp;contextData=(sc.Default)
https://govt.westlaw.com/calregs/Browse/Home/California/CaliforniaCodeofRegulations?guid=I22284590D48F11DEBC02831C6D6C108E&amp;originationContext=documenttoc&amp;transitionType=Default&amp;contextData=(sc.Default)
https://govt.westlaw.com/calregs/Browse/Home/California/CaliforniaCodeofRegulations?guid=IE18352C0D49111DEBC02831C6D6C108E&amp;originationContext=documenttoc&amp;transitionType=Default&amp;contextData=(sc.Default)
https://govt.westlaw.com/calregs/Browse/Home/California/CaliforniaCodeofRegulations?guid=ID6171904331311E39C87E838B6ADC7D8&amp;originationContext=documenttoc&amp;transitionType=Default&amp;contextData=(sc.Default)
https://govt.westlaw.com/calregs/Browse/Home/California/CaliforniaCodeofRegulations?guid=I0D7D5450DF5011E0A7CBD48E2891E3C6&amp;originationContext=documenttoc&amp;transitionType=Default&amp;contextData=(sc.Default)
https://govt.westlaw.com/calregs/Browse/Home/California/CaliforniaCodeofRegulations?guid=ID6AEB0A0D49211DEBC02831C6D6C108E&amp;originationContext=documenttoc&amp;transitionType=Default&amp;contextData=(sc.Default)
https://govt.westlaw.com/calregs/Browse/Home/California/CaliforniaCodeofRegulations?guid=IDC9A2ACD7A044D95A87C49E68C3D998D&amp;originationContext=documenttoc&amp;transitionType=Default&amp;contextData=(sc.Default)
https://govt.westlaw.com/calregs/Browse/Home/California/CaliforniaCodeofRegulations?guid=I48791770D49311DEBC02831C6D6C108E&amp;originationContext=documenttoc&amp;transitionType=Default&amp;contextData=(sc.Default)
https://govt.westlaw.com/calregs/Browse/Home/California/CaliforniaCodeofRegulations?guid=ID10F5EA0D49311DEBC02831C6D6C108E&amp;originationContext=documenttoc&amp;transitionType=Default&amp;contextData=(sc.Default)
https://govt.westlaw.com/calregs/Browse/Home/California/CaliforniaCodeofRegulations?guid=I55E96120D49411DEBC02831C6D6C108E&amp;originationContext=documenttoc&amp;transitionType=Default&amp;contextData=(sc.Default)
https://govt.westlaw.com/calregs/Browse/Home/California/CaliforniaCodeofRegulations?guid=I8AF20A20D49411DEBC02831C6D6C108E&amp;originationContext=documenttoc&amp;transitionType=Default&amp;contextData=(sc.Default)
https://govt.westlaw.com/calregs/Browse/Home/California/CaliforniaCodeofRegulations?guid=I92586BB3D8614422AAF5BEF6C097BC5E&amp;originationContext=documenttoc&amp;transitionType=Default&amp;contextData=(sc.Default)
https://govt.westlaw.com/calregs/Browse/Home/California/CaliforniaCodeofRegulations?guid=I3C7BEC00D3B111DE80E09959A9407E24&amp;originationContext=documenttoc&amp;transitionType=Default&amp;contextData=(sc.Default)
https://govt.westlaw.com/calregs/Browse/Home/California/CaliforniaCodeofRegulations?guid=I41ECBE80D3B111DE80E09959A9407E24&amp;originationContext=documenttoc&amp;transitionType=Default&amp;contextData=(sc.Default)
https://govt.westlaw.com/calregs/Browse/Home/California/CaliforniaCodeofRegulations?guid=I3F7760D0481811E3A6E48D2522760836&amp;originationContext=documenttoc&amp;transitionType=Default&amp;contextData=(sc.Default)
https://govt.westlaw.com/calregs/Browse/Home/California/CaliforniaCodeofRegulations?guid=IBA346D873F5A4231ABB0A24DFE990223&amp;originationContext=documenttoc&amp;transitionType=Default&amp;contextData=(sc.Default)
https://govt.westlaw.com/calregs/Browse/Home/California/CaliforniaCodeofRegulations?guid=IA4245723E12E4AE38425C759207D532E&amp;originationContext=documenttoc&amp;transitionType=Default&amp;contextData=(sc.Default)
https://govt.westlaw.com/calregs/Browse/Home/California/CaliforniaCodeofRegulations?guid=I1A6E7CC23FEE4C5D9F49414BA7F124CD&amp;originationContext=documenttoc&amp;transitionType=Default&amp;contextData=(sc.Default)
https://govt.westlaw.com/calregs/Browse/Home/California/CaliforniaCodeofRegulations?guid=I5F30C470D44F11DEB97CF67CD0B99467&amp;originationContext=documenttoc&amp;transitionType=Default&amp;contextData=(sc.Default)
https://govt.westlaw.com/calregs/Browse/Home/California/CaliforniaCodeofRegulations?guid=I30FFF85AEB004E94816D7860ECFF9D46&amp;originationContext=documenttoc&amp;transitionType=Default&amp;contextData=(sc.Default)
https://govt.westlaw.com/calregs/Browse/Home/California/CaliforniaCodeofRegulations?guid=I8257C11A5DAD44A689F64526AC8ADC99&amp;originationContext=documenttoc&amp;transitionType=Default&amp;contextData=(sc.Default)
https://govt.westlaw.com/calregs/Browse/Home/California/CaliforniaCodeofRegulations?guid=I8EE83D67806E439594EB787549BCCFB6&amp;originationContext=documenttoc&amp;transitionType=Default&amp;contextData=(sc.Default)
https://govt.westlaw.com/calregs/Browse/Home/California/CaliforniaCodeofRegulations?guid=I9D1A7537B5E743478231C8E506A214EE&amp;originationContext=documenttoc&amp;transitionType=Default&amp;contextData=(sc.Default)
https://govt.westlaw.com/calregs/Browse/Home/California/CaliforniaCodeofRegulations?guid=I6FFE8670D44F11DEB97CF67CD0B99467&amp;originationContext=documenttoc&amp;transitionType=Default&amp;contextData=(sc.Default)
https://govt.westlaw.com/calregs/Browse/Home/California/CaliforniaCodeofRegulations?guid=IDCEF82618FC24978AC238BDEB517C785&amp;originationContext=documenttoc&amp;transitionType=Default&amp;contextData=(sc.Default)
https://govt.westlaw.com/calregs/Browse/Home/California/CaliforniaCodeofRegulations?guid=I94D0442CF70F4999A30E250EFC61C35F&amp;originationContext=documenttoc&amp;transitionType=Default&amp;contextData=(sc.Default)
https://govt.westlaw.com/calregs/Browse/Home/California/CaliforniaCodeofRegulations?guid=I73AE20F0D44F11DEB97CF67CD0B99467&amp;originationContext=documenttoc&amp;transitionType=Default&amp;contextData=(sc.Default)
https://govt.westlaw.com/calregs/Browse/Home/California/CaliforniaCodeofRegulations?guid=I73CBBB10D44F11DEB97CF67CD0B99467&amp;originationContext=documenttoc&amp;transitionType=Default&amp;contextData=(sc.Default)
https://govt.westlaw.com/calregs/Browse/Home/California/CaliforniaCodeofRegulations?guid=I6FB61B228CE84ABAAE1B49ACEF927547&amp;originationContext=documenttoc&amp;transitionType=Default&amp;contextData=(sc.Default)
https://govt.westlaw.com/calregs/Browse/Home/California/CaliforniaCodeofRegulations?guid=IB722A93DD9E34C0788DC31E7E587F0A9&amp;originationContext=documenttoc&amp;transitionType=Default&amp;contextData=(sc.Default)
https://govt.westlaw.com/calregs/Browse/Home/California/CaliforniaCodeofRegulations?guid=IDEDF1BD6DE264178A12638106D185B62&amp;originationContext=documenttoc&amp;transitionType=Default&amp;contextData=(sc.Default)
https://govt.westlaw.com/calregs/Browse/Home/California/CaliforniaCodeofRegulations?guid=I22C0674DC30D485D9B312E36256112A7&amp;originationContext=documenttoc&amp;transitionType=Default&amp;contextData=(sc.Default)
https://govt.westlaw.com/calregs/Browse/Home/California/CaliforniaCodeofRegulations?guid=I90613946C48D43319BC55E5CD8009357&amp;originationContext=documenttoc&amp;transitionType=Default&amp;contextData=(sc.Default)
https://govt.westlaw.com/calregs/Browse/Home/California/CaliforniaCodeofRegulations?guid=IB012920A4F1D4368ACE499FA237C09B4&amp;originationContext=documenttoc&amp;transitionType=Default&amp;contextData=(sc.Default)
https://govt.westlaw.com/calregs/Browse/Home/California/CaliforniaCodeofRegulations?guid=I92512570D44F11DEB97CF67CD0B99467&amp;originationContext=documenttoc&amp;transitionType=Default&amp;contextData=(sc.Default)
https://govt.westlaw.com/calregs/Browse/Home/California/CaliforniaCodeofRegulations?guid=I745F54CCEB2741699510A3592784329B&amp;originationContext=documenttoc&amp;transitionType=Default&amp;contextData=(sc.Default)
https://govt.westlaw.com/calregs/Browse/Home/California/CaliforniaCodeofRegulations?guid=IA4D5317C6C4D4EA898149F28697FA41D&amp;originationContext=documenttoc&amp;transitionType=Default&amp;contextData=(sc.Default)
https://govt.westlaw.com/calregs/Browse/Home/California/CaliforniaCodeofRegulations?guid=I38F5FA48CFE74D5FBA7CE1676B5D279C&amp;originationContext=documenttoc&amp;transitionType=Default&amp;contextData=(sc.Default)
https://govt.westlaw.com/calregs/Browse/Home/California/CaliforniaCodeofRegulations?guid=IF84CF04FA70B46F7946AF7954FCC840F&amp;originationContext=documenttoc&amp;transitionType=Default&amp;contextData=(sc.Default)
https://govt.westlaw.com/calregs/Browse/Home/California/CaliforniaCodeofRegulations?guid=I7D6E7AFF16B241F28BF2BCD76B3FF62F&amp;originationContext=documenttoc&amp;transitionType=Default&amp;contextData=(sc.Default)
https://govt.westlaw.com/calregs/Browse/Home/California/CaliforniaCodeofRegulations?guid=I98E54240D44F11DEB97CF67CD0B99467&amp;originationContext=documenttoc&amp;transitionType=Default&amp;contextData=(sc.Default)
https://govt.westlaw.com/calregs/Browse/Home/California/CaliforniaCodeofRegulations?guid=I8E0DD548C9CB4EE2B4C8945C97E77E1E&amp;originationContext=documenttoc&amp;transitionType=Default&amp;contextData=(sc.Default)
https://govt.westlaw.com/calregs/Browse/Home/California/CaliforniaCodeofRegulations?guid=IEDABFCB0D44F11DEB97CF67CD0B99467&amp;originationContext=documenttoc&amp;transitionType=Default&amp;contextData=(sc.Default)
https://govt.westlaw.com/calregs/Browse/Home/California/CaliforniaCodeofRegulations?guid=IEDD074A0D44F11DEB97CF67CD0B99467&amp;originationContext=documenttoc&amp;transitionType=Default&amp;contextData=(sc.Default)
https://govt.westlaw.com/calregs/Browse/Home/California/CaliforniaCodeofRegulations?guid=I6F582E80D4B611DE8879F88E8B0DAAAE&amp;originationContext=documenttoc&amp;transitionType=Default&amp;contextData=(sc.Default)
https://govt.westlaw.com/calregs/Browse/Home/California/CaliforniaCodeofRegulations?guid=I69FD3880D4B711DE8879F88E8B0DAAAE&amp;originationContext=documenttoc&amp;transitionType=Default&amp;contextData=(sc.Default)
https://govt.westlaw.com/calregs/Browse/Home/California/CaliforniaCodeofRegulations?guid=I89DD50E0D4B711DE8879F88E8B0DAAAE&amp;originationContext=documenttoc&amp;transitionType=Default&amp;contextData=(sc.Default)
https://govt.westlaw.com/calregs/Browse/Home/California/CaliforniaCodeofRegulations?guid=I435CF4D0D4B811DE8879F88E8B0DAAAE&amp;originationContext=documenttoc&amp;transitionType=Default&amp;contextData=(sc.Default)
https://govt.westlaw.com/calregs/Browse/Home/California/CaliforniaCodeofRegulations?guid=I43C0E6C0D4B811DE8879F88E8B0DAAAE&amp;originationContext=documenttoc&amp;transitionType=Default&amp;contextData=(sc.Default)
https://govt.westlaw.com/calregs/Browse/Home/California/CaliforniaCodeofRegulations?guid=IE6E81020D4B911DE8879F88E8B0DAAAE&amp;originationContext=documenttoc&amp;transitionType=Default&amp;contextData=(sc.Default)
https://govt.westlaw.com/calregs/Browse/Home/California/CaliforniaCodeofRegulations?guid=I77C6B3D0D4BA11DE8879F88E8B0DAAAE&amp;originationContext=documenttoc&amp;transitionType=Default&amp;contextData=(sc.Default)
https://govt.westlaw.com/calregs/Browse/Home/California/CaliforniaCodeofRegulations?guid=ID7033CA0D4BB11DE8879F88E8B0DAAAE&amp;originationContext=documenttoc&amp;transitionType=Default&amp;contextData=(sc.Default)
https://govt.westlaw.com/calregs/Browse/Home/California/CaliforniaCodeofRegulations?guid=IDD9FFA11D4BD11DE8879F88E8B0DAAAE&amp;originationContext=documenttoc&amp;transitionType=Default&amp;contextData=(sc.Default)
https://govt.westlaw.com/calregs/Browse/Home/California/CaliforniaCodeofRegulations?guid=IF2DF0370D4BE11DE8879F88E8B0DAAAE&amp;originationContext=documenttoc&amp;transitionType=Default&amp;contextData=(sc.Default)
https://govt.westlaw.com/calregs/Browse/Home/California/CaliforniaCodeofRegulations?guid=I13395F70D4C011DE8879F88E8B0DAAAE&amp;originationContext=documenttoc&amp;transitionType=Default&amp;contextData=(sc.Default)
https://govt.westlaw.com/calregs/Browse/Home/California/CaliforniaCodeofRegulations?guid=I2E586D50D4C011DE8879F88E8B0DAAAE&amp;originationContext=documenttoc&amp;transitionType=Default&amp;contextData=(sc.Default)
https://govt.westlaw.com/calregs/Browse/Home/California/CaliforniaCodeofRegulations?guid=I84D6C2D0D4C011DE8879F88E8B0DAAAE&amp;originationContext=documenttoc&amp;transitionType=Default&amp;contextData=(sc.Default)
https://govt.westlaw.com/calregs/Browse/Home/California/CaliforniaCodeofRegulations?guid=I89118650D4C011DE8879F88E8B0DAAAE&amp;originationContext=documenttoc&amp;transitionType=Default&amp;contextData=(sc.Default)
https://govt.westlaw.com/calregs/Browse/Home/California/CaliforniaCodeofRegulations?guid=I95BBB650D4C011DE8879F88E8B0DAAAE&amp;originationContext=documenttoc&amp;transitionType=Default&amp;contextData=(sc.Default)
https://govt.westlaw.com/calregs/Browse/Home/California/CaliforniaCodeofRegulations?guid=ID125FA70D4C011DE8879F88E8B0DAAAE&amp;originationContext=documenttoc&amp;transitionType=Default&amp;contextData=(sc.Default)
https://govt.westlaw.com/calregs/Browse/Home/California/CaliforniaCodeofRegulations?guid=IA2CCAEF053D811E19243B27029240EB5&amp;originationContext=documenttoc&amp;transitionType=Default&amp;contextData=(sc.Default)
https://govt.westlaw.com/calregs/Browse/Home/California/CaliforniaCodeofRegulations?guid=I50BFAB9F59F249828FFC3C2C1B348C8B&amp;originationContext=documenttoc&amp;transitionType=Default&amp;contextData=(sc.Default)
https://govt.westlaw.com/calregs/Browse/Home/California/CaliforniaCodeofRegulations?guid=I7CD3A190D45011DEB97CF67CD0B99467&amp;originationContext=documenttoc&amp;transitionType=Default&amp;contextData=(sc.Default)
https://govt.westlaw.com/calregs/Browse/Home/California/CaliforniaCodeofRegulations?guid=I939A78E0D45011DEB97CF67CD0B99467&amp;originationContext=documenttoc&amp;transitionType=Default&amp;contextData=(sc.Default)
https://govt.westlaw.com/calregs/Browse/Home/California/CaliforniaCodeofRegulations?guid=IBF4780A0D45011DEB97CF67CD0B99467&amp;originationContext=documenttoc&amp;transitionType=Default&amp;contextData=(sc.Default)
https://govt.westlaw.com/calregs/Browse/Home/California/CaliforniaCodeofRegulations?guid=IEE71CE4A68E04D059156F9332889A223&amp;originationContext=documenttoc&amp;transitionType=Default&amp;contextData=(sc.Default)
https://govt.westlaw.com/calregs/Browse/Home/California/CaliforniaCodeofRegulations?guid=IFCD89C60D45011DEB97CF67CD0B99467&amp;originationContext=documenttoc&amp;transitionType=Default&amp;contextData=(sc.Default)
https://govt.westlaw.com/calregs/Browse/Home/California/CaliforniaCodeofRegulations?guid=I044258B0D45111DEB97CF67CD0B99467&amp;originationContext=documenttoc&amp;transitionType=Default&amp;contextData=(sc.Default)
https://govt.westlaw.com/calregs/Browse/Home/California/CaliforniaCodeofRegulations?guid=I06DD75F0D45111DEB97CF67CD0B99467&amp;originationContext=documenttoc&amp;transitionType=Default&amp;contextData=(sc.Default)
https://govt.westlaw.com/calregs/Browse/Home/California/CaliforniaCodeofRegulations?guid=I9B47C280D47F11DEBC02831C6D6C108E&amp;originationContext=documenttoc&amp;transitionType=Default&amp;contextData=(sc.Default)
https://govt.westlaw.com/calregs/Browse/Home/California/CaliforniaCodeofRegulations?guid=I80784950D48111DEBC02831C6D6C108E&amp;originationContext=documenttoc&amp;transitionType=Default&amp;contextData=(sc.Default)
https://govt.westlaw.com/calregs/Browse/Home/California/CaliforniaCodeofRegulations?guid=I37D1C700D48411DEBC02831C6D6C108E&amp;originationContext=documenttoc&amp;transitionType=Default&amp;contextData=(sc.Default)
https://govt.westlaw.com/calregs/Browse/Home/California/CaliforniaCodeofRegulations?guid=IA3E709E0D48511DEBC02831C6D6C108E&amp;originationContext=documenttoc&amp;transitionType=Default&amp;contextData=(sc.Default)
https://govt.westlaw.com/calregs/Browse/Home/California/CaliforniaCodeofRegulations?guid=I9BA0FE4DEE8F435DB9550C4FFEA0B6C7&amp;originationContext=documenttoc&amp;transitionType=Default&amp;contextData=(sc.Default)
https://govt.westlaw.com/calregs/Browse/Home/California/CaliforniaCodeofRegulations?guid=IE70675C0D48611DEBC02831C6D6C108E&amp;originationContext=documenttoc&amp;transitionType=Default&amp;contextData=(sc.Default)
https://govt.westlaw.com/calregs/Browse/Home/California/CaliforniaCodeofRegulations?guid=I95BE6550D48711DEBC02831C6D6C108E&amp;originationContext=documenttoc&amp;transitionType=Default&amp;contextData=(sc.Default)
https://govt.westlaw.com/calregs/Browse/Home/California/CaliforniaCodeofRegulations?guid=I9B043030D48711DEBC02831C6D6C108E&amp;originationContext=documenttoc&amp;transitionType=Default&amp;contextData=(sc.Default)
https://govt.westlaw.com/calregs/Browse/Home/California/CaliforniaCodeofRegulations?guid=IA99B8A30D48711DEBC02831C6D6C108E&amp;originationContext=documenttoc&amp;transitionType=Default&amp;contextData=(sc.Default)
https://govt.westlaw.com/calregs/Browse/Home/California/CaliforniaCodeofRegulations?guid=IAA26DA40D48711DEBC02831C6D6C108E&amp;originationContext=documenttoc&amp;transitionType=Default&amp;contextData=(sc.Default)
https://govt.westlaw.com/calregs/Browse/Home/California/CaliforniaCodeofRegulations?guid=I734B9EB0D48811DEBC02831C6D6C108E&amp;originationContext=documenttoc&amp;transitionType=Default&amp;contextData=(sc.Default)
https://govt.westlaw.com/calregs/Browse/Home/California/CaliforniaCodeofRegulations?guid=I86E26BC0D48811DEBC02831C6D6C108E&amp;originationContext=documenttoc&amp;transitionType=Default&amp;contextData=(sc.Default)
https://govt.westlaw.com/calregs/Browse/Home/California/CaliforniaCodeofRegulations?guid=I8945B020D48811DEBC02831C6D6C108E&amp;originationContext=documenttoc&amp;transitionType=Default&amp;contextData=(sc.Default)
https://govt.westlaw.com/calregs/Browse/Home/California/CaliforniaCodeofRegulations?guid=I8FC24D50D48811DEBC02831C6D6C108E&amp;originationContext=documenttoc&amp;transitionType=Default&amp;contextData=(sc.Default)
https://govt.westlaw.com/calregs/Browse/Home/California/CaliforniaCodeofRegulations?guid=IFFD8C290D48811DEBC02831C6D6C108E&amp;originationContext=documenttoc&amp;transitionType=Default&amp;contextData=(sc.Default)
https://govt.westlaw.com/calregs/Browse/Home/California/CaliforniaCodeofRegulations?guid=I90124D17C26A40B4B5EAD6262CE72A10&amp;originationContext=documenttoc&amp;transitionType=Default&amp;contextData=(sc.Default)
https://govt.westlaw.com/calregs/Browse/Home/California/CaliforniaCodeofRegulations?guid=IFF17BBCC72F5412C8FEEF78290C1526E&amp;originationContext=documenttoc&amp;transitionType=Default&amp;contextData=(sc.Default)
https://govt.westlaw.com/calregs/Browse/Home/California/CaliforniaCodeofRegulations?guid=I705CB4C0D48B11DEBC02831C6D6C108E&amp;originationContext=documenttoc&amp;transitionType=Default&amp;contextData=(sc.Default)
https://govt.westlaw.com/calregs/Browse/Home/California/CaliforniaCodeofRegulations?guid=I7B299940D48B11DEBC02831C6D6C108E&amp;originationContext=documenttoc&amp;transitionType=Default&amp;contextData=(sc.Default)
https://govt.westlaw.com/calregs/Browse/Home/California/CaliforniaCodeofRegulations?guid=I86879A30D48B11DEBC02831C6D6C108E&amp;originationContext=documenttoc&amp;transitionType=Default&amp;contextData=(sc.Default)
https://govt.westlaw.com/calregs/Browse/Home/California/CaliforniaCodeofRegulations?guid=I8A99A000D48B11DEBC02831C6D6C108E&amp;originationContext=documenttoc&amp;transitionType=Default&amp;contextData=(sc.Default)
https://govt.westlaw.com/calregs/Browse/Home/California/CaliforniaCodeofRegulations?guid=I8BABD350D48B11DEBC02831C6D6C108E&amp;originationContext=documenttoc&amp;transitionType=Default&amp;contextData=(sc.Default)
https://govt.westlaw.com/calregs/Browse/Home/California/CaliforniaCodeofRegulations?guid=I8F34D300D48B11DEBC02831C6D6C108E&amp;originationContext=documenttoc&amp;transitionType=Default&amp;contextData=(sc.Default)
https://govt.westlaw.com/calregs/Browse/Home/California/CaliforniaCodeofRegulations?guid=IDBEB936081A911E0A3BA9B6F206B71A1&amp;originationContext=documenttoc&amp;transitionType=Default&amp;contextData=(sc.Default)
https://govt.westlaw.com/calregs/Browse/Home/California/CaliforniaCodeofRegulations?guid=IAF01369CC73A421783FF10965E4C9B45&amp;originationContext=documenttoc&amp;transitionType=Default&amp;contextData=(sc.Default)
https://govt.westlaw.com/calregs/Browse/Home/California/CaliforniaCodeofRegulations?guid=I9C47CE30D44F11DEA95CA4428EC25FA0&amp;originationContext=documenttoc&amp;transitionType=Default&amp;contextData=(sc.Default)
https://govt.westlaw.com/calregs/Browse/Home/California/CaliforniaCodeofRegulations?guid=IB8438071D44F11DEA95CA4428EC25FA0&amp;originationContext=documenttoc&amp;transitionType=Default&amp;contextData=(sc.Default)
https://govt.westlaw.com/calregs/Browse/Home/California/CaliforniaCodeofRegulations?guid=I331ACC40D45011DEA95CA4428EC25FA0&amp;originationContext=documenttoc&amp;transitionType=Default&amp;contextData=(sc.Default)
https://govt.westlaw.com/calregs/Browse/Home/California/CaliforniaCodeofRegulations?guid=I42D76C60D45011DEA95CA4428EC25FA0&amp;originationContext=documenttoc&amp;transitionType=Default&amp;contextData=(sc.Default)
https://govt.westlaw.com/calregs/Browse/Home/California/CaliforniaCodeofRegulations?guid=I0876B130FB2D11DEB55BEB7A3F18BAB6&amp;originationContext=documenttoc&amp;transitionType=Default&amp;contextData=(sc.Default)
https://govt.westlaw.com/calregs/Browse/Home/California/CaliforniaCodeofRegulations?guid=I19B8F330D45A11DEA95CA4428EC25FA0&amp;originationContext=documenttoc&amp;transitionType=Default&amp;contextData=(sc.Default)
https://govt.westlaw.com/calregs/Browse/Home/California/CaliforniaCodeofRegulations?guid=I209C6880D45A11DEA95CA4428EC25FA0&amp;originationContext=documenttoc&amp;transitionType=Default&amp;contextData=(sc.Default)
https://govt.westlaw.com/calregs/Browse/Home/California/CaliforniaCodeofRegulations?guid=I76203160D45A11DEA95CA4428EC25FA0&amp;originationContext=documenttoc&amp;transitionType=Default&amp;contextData=(sc.Default)
https://govt.westlaw.com/calregs/Browse/Home/California/CaliforniaCodeofRegulations?guid=I9FDA7460D45B11DEA95CA4428EC25FA0&amp;originationContext=documenttoc&amp;transitionType=Default&amp;contextData=(sc.Default)
https://govt.westlaw.com/calregs/Browse/Home/California/CaliforniaCodeofRegulations?guid=ID4703750D45B11DEA95CA4428EC25FA0&amp;originationContext=documenttoc&amp;transitionType=Default&amp;contextData=(sc.Default)
https://govt.westlaw.com/calregs/Browse/Home/California/CaliforniaCodeofRegulations?guid=IB6D457102A7E11E088B6F6193B9A9F16&amp;originationContext=documenttoc&amp;transitionType=Default&amp;contextData=(sc.Default)
https://govt.westlaw.com/calregs/Browse/Home/California/CaliforniaCodeofRegulations?guid=IE85AEF75F75B49FE9387086EFE4ABE01&amp;originationContext=documenttoc&amp;transitionType=Default&amp;contextData=(sc.Default)
https://govt.westlaw.com/calregs/Browse/Home/California/CaliforniaCodeofRegulations?guid=I24E3CD723B6A452B860A7472C4E5DB3F&amp;originationContext=documenttoc&amp;transitionType=Default&amp;contextData=(sc.Default)
https://govt.westlaw.com/calregs/Browse/Home/California/CaliforniaCodeofRegulations?guid=IE4E9184ED2B64036A1EEE60B1513EE86&amp;originationContext=documenttoc&amp;transitionType=Default&amp;contextData=(sc.Default)
https://govt.westlaw.com/calregs/Browse/Home/California/CaliforniaCodeofRegulations?guid=IB4B39660D46411DEB97CF67CD0B99467&amp;originationContext=documenttoc&amp;transitionType=Default&amp;contextData=(sc.Default)
https://govt.westlaw.com/calregs/Browse/Home/California/CaliforniaCodeofRegulations?guid=IDD862DF0D46411DEB97CF67CD0B99467&amp;originationContext=documenttoc&amp;transitionType=Default&amp;contextData=(sc.Default)
https://govt.westlaw.com/calregs/Browse/Home/California/CaliforniaCodeofRegulations?guid=IDE3532A0D46411DEB97CF67CD0B99467&amp;originationContext=documenttoc&amp;transitionType=Default&amp;contextData=(sc.Default)
https://govt.westlaw.com/calregs/Browse/Home/California/CaliforniaCodeofRegulations?guid=IDFEB2000D46411DEB97CF67CD0B99467&amp;originationContext=documenttoc&amp;transitionType=Default&amp;contextData=(sc.Default)
https://govt.westlaw.com/calregs/Browse/Home/California/CaliforniaCodeofRegulations?guid=IE1A8D591D46411DEB97CF67CD0B99467&amp;originationContext=documenttoc&amp;transitionType=Default&amp;contextData=(sc.Default)
https://govt.westlaw.com/calregs/Browse/Home/California/CaliforniaCodeofRegulations?guid=I24931D20D46511DEB97CF67CD0B99467&amp;originationContext=documenttoc&amp;transitionType=Default&amp;contextData=(sc.Default)
https://govt.westlaw.com/calregs/Browse/Home/California/CaliforniaCodeofRegulations?guid=IC8161C0F9C3D4F74A847027091299836&amp;originationContext=documenttoc&amp;transitionType=Default&amp;contextData=(sc.Default)
https://govt.westlaw.com/calregs/Browse/Home/California/CaliforniaCodeofRegulations?guid=I7DA87AE004E74025AA8E4E136EC93F00&amp;originationContext=documenttoc&amp;transitionType=Default&amp;contextData=(sc.Default)
https://govt.westlaw.com/calregs/Browse/Home/California/CaliforniaCodeofRegulations?guid=I6F67A4BBA4604F5FB4A60A17DD3E672A&amp;originationContext=documenttoc&amp;transitionType=Default&amp;contextData=(sc.Default)
https://govt.westlaw.com/calregs/Browse/Home/California/CaliforniaCodeofRegulations?guid=I58E18DF0D45111DEA95CA4428EC25FA0&amp;originationContext=documenttoc&amp;transitionType=Default&amp;contextData=(sc.Default)
https://govt.westlaw.com/calregs/Browse/Home/California/CaliforniaCodeofRegulations?guid=I9658E1CDA82D469BB092C74D64D18C7E&amp;originationContext=documenttoc&amp;transitionType=Default&amp;contextData=(sc.Default)
https://govt.westlaw.com/calregs/Browse/Home/California/CaliforniaCodeofRegulations?guid=IC8420430D45211DEA95CA4428EC25FA0&amp;originationContext=documenttoc&amp;transitionType=Default&amp;contextData=(sc.Default)
https://govt.westlaw.com/calregs/Browse/Home/California/CaliforniaCodeofRegulations?guid=I0CA03A749F874BC19ED595C24185E689&amp;originationContext=documenttoc&amp;transitionType=Default&amp;contextData=(sc.Default)
https://govt.westlaw.com/calregs/Document/I143AF8F0D46811DE8879F88E8B0DAAAE?viewType=FullText&amp;originationContext=documenttoc&amp;transitionType=CategoryPageItem&amp;contextData=(sc.Default)
https://govt.westlaw.com/calregs/Browse/Home/California/CaliforniaCodeofRegulations?guid=I14E7DAC0D46811DE8879F88E8B0DAAAE&amp;originationContext=documenttoc&amp;transitionType=Default&amp;contextData=(sc.Default)
https://govt.westlaw.com/calregs/Browse/Home/California/CaliforniaCodeofRegulations?guid=IDC5A8260D46811DE8879F88E8B0DAAAE&amp;originationContext=documenttoc&amp;transitionType=Default&amp;contextData=(sc.Default)
https://govt.westlaw.com/calregs/Browse/Home/California/CaliforniaCodeofRegulations?guid=I88D700E0D46911DE8879F88E8B0DAAAE&amp;originationContext=documenttoc&amp;transitionType=Default&amp;contextData=(sc.Default)
https://govt.westlaw.com/calregs/Browse/Home/California/CaliforniaCodeofRegulations?guid=IF36AA3602DDD11E197D9B83B68A61150&amp;originationContext=documenttoc&amp;transitionType=Default&amp;contextData=(sc.Default)
https://govt.westlaw.com/calregs/Browse/Home/California/CaliforniaCodeofRegulations?guid=I23A691B0D44E11DEA95CA4428EC25FA0&amp;originationContext=documenttoc&amp;transitionType=Default&amp;contextData=(sc.Default)
https://govt.westlaw.com/calregs/Browse/Home/California/CaliforniaCodeofRegulations?guid=I6BD74060D44E11DEA95CA4428EC25FA0&amp;originationContext=documenttoc&amp;transitionType=Default&amp;contextData=(sc.Default)
https://govt.westlaw.com/calregs/Browse/Home/California/CaliforniaCodeofRegulations?guid=I25106E30D48B11DEBC02831C6D6C108E&amp;originationContext=documenttoc&amp;transitionType=Default&amp;contextData=(sc.Default)
https://govt.westlaw.com/calregs/Browse/Home/California/CaliforniaCodeofRegulations?guid=IC5D1A860E1744720B358D711E35416AC&amp;originationContext=documenttoc&amp;transitionType=Default&amp;contextData=(sc.Default)
https://govt.westlaw.com/calregs/Browse/Home/California/CaliforniaCodeofRegulations?guid=I65AF8D40D48B11DEBC02831C6D6C108E&amp;originationContext=documenttoc&amp;transitionType=Default&amp;contextData=(sc.Default)
https://govt.westlaw.com/calregs/Browse/Home/California/CaliforniaCodeofRegulations?guid=I89E34850D48B11DEBC02831C6D6C108E&amp;originationContext=documenttoc&amp;transitionType=Default&amp;contextData=(sc.Default)
https://govt.westlaw.com/calregs/Browse/Home/California/CaliforniaCodeofRegulations?guid=IB03B9110D48B11DEBC02831C6D6C108E&amp;originationContext=documenttoc&amp;transitionType=Default&amp;contextData=(sc.Default)
https://govt.westlaw.com/calregs/Browse/Home/California/CaliforniaCodeofRegulations?guid=ICE589CB0D48B11DEBC02831C6D6C108E&amp;originationContext=documenttoc&amp;transitionType=Default&amp;contextData=(sc.Default)
https://govt.westlaw.com/calregs/Browse/Home/California/CaliforniaCodeofRegulations?guid=IDEBD3CA0D48B11DEBC02831C6D6C108E&amp;originationContext=documenttoc&amp;transitionType=Default&amp;contextData=(sc.Default)
https://govt.westlaw.com/calregs/Browse/Home/California/CaliforniaCodeofRegulations?guid=I0DAAC960D48C11DEBC02831C6D6C108E&amp;originationContext=documenttoc&amp;transitionType=Default&amp;contextData=(sc.Default)
https://govt.westlaw.com/calregs/Browse/Home/California/CaliforniaCodeofRegulations?guid=I3360B7A0D48C11DEBC02831C6D6C108E&amp;originationContext=documenttoc&amp;transitionType=Default&amp;contextData=(sc.Default)
https://govt.westlaw.com/calregs/Browse/Home/California/CaliforniaCodeofRegulations?guid=I79C6DF80D48C11DEBC02831C6D6C108E&amp;originationContext=documenttoc&amp;transitionType=Default&amp;contextData=(sc.Default)
https://govt.westlaw.com/calregs/Browse/Home/California/CaliforniaCodeofRegulations?guid=IC8809B40777711E084A4DC76BA1040CF&amp;originationContext=documenttoc&amp;transitionType=Default&amp;contextData=(sc.Default)
https://govt.westlaw.com/calregs/Browse/Home/California/CaliforniaCodeofRegulations?guid=IB1B0DDA0EBD311E09DB1FA8A2A044D67&amp;originationContext=documenttoc&amp;transitionType=Default&amp;contextData=(sc.Default)
https://govt.westlaw.com/calregs/Browse/Home/California/CaliforniaCodeofRegulations?guid=IE16A17B0D48C11DEBC02831C6D6C108E&amp;originationContext=documenttoc&amp;transitionType=Default&amp;contextData=(sc.Default)
https://govt.westlaw.com/calregs/Browse/Home/California/CaliforniaCodeofRegulations?guid=I3AE13AD0D48D11DEBC02831C6D6C108E&amp;originationContext=documenttoc&amp;transitionType=Default&amp;contextData=(sc.Default)
https://govt.westlaw.com/calregs/Browse/Home/California/CaliforniaCodeofRegulations?guid=I740E3920D48D11DEBC02831C6D6C108E&amp;originationContext=documenttoc&amp;transitionType=Default&amp;contextData=(sc.Default)
https://govt.westlaw.com/calregs/Browse/Home/California/CaliforniaCodeofRegulations?guid=IE742637CB2414A369E214B16A385306A&amp;originationContext=documenttoc&amp;transitionType=Default&amp;contextData=(sc.Default)
https://govt.westlaw.com/calregs/Browse/Home/California/CaliforniaCodeofRegulations?guid=I3B66AA1178834DB8B564775CD0ED6FC4&amp;originationContext=documenttoc&amp;transitionType=Default&amp;contextData=(sc.Default)
https://govt.westlaw.com/calregs/Browse/Home/California/CaliforniaCodeofRegulations?guid=I4D4C7306A20E407A832518D3B90EB6D8&amp;originationContext=documenttoc&amp;transitionType=Default&amp;contextData=(sc.Default)
https://govt.westlaw.com/calregs/Browse/Home/California/CaliforniaCodeofRegulations?guid=I1722E160D48E11DEBC02831C6D6C108E&amp;originationContext=documenttoc&amp;transitionType=Default&amp;contextData=(sc.Default)
https://govt.westlaw.com/calregs/Browse/Home/California/CaliforniaCodeofRegulations?guid=I2C5DE890D48E11DEBC02831C6D6C108E&amp;originationContext=documenttoc&amp;transitionType=Default&amp;contextData=(sc.Default)
https://govt.westlaw.com/calregs/Browse/Home/California/CaliforniaCodeofRegulations?guid=IE4959560078511E3B667C65989304E0E&amp;originationContext=documenttoc&amp;transitionType=Default&amp;contextData=(sc.Default)
https://govt.westlaw.com/calregs/Browse/Home/California/CaliforniaCodeofRegulations?guid=IA74C50AB84B445429160568662CDE4AE&amp;originationContext=documenttoc&amp;transitionType=Default&amp;contextData=(sc.Default)
https://govt.westlaw.com/calregs/Browse/Home/California/CaliforniaCodeofRegulations?guid=I8EF6B130D48E11DEBC02831C6D6C108E&amp;originationContext=documenttoc&amp;transitionType=Default&amp;contextData=(sc.Default)
https://govt.westlaw.com/calregs/Browse/Home/California/CaliforniaCodeofRegulations?guid=IBACD12E0D48E11DEBC02831C6D6C108E&amp;originationContext=documenttoc&amp;transitionType=Default&amp;contextData=(sc.Default)
https://govt.westlaw.com/calregs/Browse/Home/California/CaliforniaCodeofRegulations?guid=ID2C03530D48E11DEBC02831C6D6C108E&amp;originationContext=documenttoc&amp;transitionType=Default&amp;contextData=(sc.Default)
https://govt.westlaw.com/calregs/Browse/Home/California/CaliforniaCodeofRegulations?guid=IF3924EB0D48E11DEBC02831C6D6C108E&amp;originationContext=documenttoc&amp;transitionType=Default&amp;contextData=(sc.Default)
https://govt.westlaw.com/calregs/Browse/Home/California/CaliforniaCodeofRegulations?guid=I332FDC40D48F11DEBC02831C6D6C108E&amp;originationContext=documenttoc&amp;transitionType=Default&amp;contextData=(sc.Default)
https://govt.westlaw.com/calregs/Browse/Home/California/CaliforniaCodeofRegulations?guid=I5DA5EAA0D48F11DEBC02831C6D6C108E&amp;originationContext=documenttoc&amp;transitionType=Default&amp;contextData=(sc.Default)
https://govt.westlaw.com/calregs/Browse/Home/California/CaliforniaCodeofRegulations?guid=I7E0A9C50D48F11DEBC02831C6D6C108E&amp;originationContext=documenttoc&amp;transitionType=Default&amp;contextData=(sc.Default)
https://govt.westlaw.com/calregs/Browse/Home/California/CaliforniaCodeofRegulations?guid=IA8670830D48F11DEBC02831C6D6C108E&amp;originationContext=documenttoc&amp;transitionType=Default&amp;contextData=(sc.Default)
https://govt.westlaw.com/calregs/Browse/Home/California/CaliforniaCodeofRegulations?guid=IA8E55FF0D48F11DEBC02831C6D6C108E&amp;originationContext=documenttoc&amp;transitionType=Default&amp;contextData=(sc.Default)
https://govt.westlaw.com/calregs/Browse/Home/California/CaliforniaCodeofRegulations?guid=IF9509F3000D511E1BC93F0D0883CCBF4&amp;originationContext=documenttoc&amp;transitionType=Default&amp;contextData=(sc.Default)
https://govt.westlaw.com/calregs/Browse/Home/California/CaliforniaCodeofRegulations?guid=IF299E0D02FE311E48A8ED8948330181B&amp;originationContext=documenttoc&amp;transitionType=Default&amp;contextData=(sc.Default)
https://govt.westlaw.com/calregs/Browse/Home/California/CaliforniaCodeofRegulations?guid=IDB14F850D48F11DEBC02831C6D6C108E&amp;originationContext=documenttoc&amp;transitionType=Default&amp;contextData=(sc.Default)
https://govt.westlaw.com/calregs/Browse/Home/California/CaliforniaCodeofRegulations?guid=I1CDDCA50D49011DEBC02831C6D6C108E&amp;originationContext=documenttoc&amp;transitionType=Default&amp;contextData=(sc.Default)
https://govt.westlaw.com/calregs/Browse/Home/California/CaliforniaCodeofRegulations?guid=I2D98EEB0D49011DEBC02831C6D6C108E&amp;originationContext=documenttoc&amp;transitionType=Default&amp;contextData=(sc.Default)
https://govt.westlaw.com/calregs/Browse/Home/California/CaliforniaCodeofRegulations?guid=I44F35370D49011DEBC02831C6D6C108E&amp;originationContext=documenttoc&amp;transitionType=Default&amp;contextData=(sc.Default)
https://govt.westlaw.com/calregs/Browse/Home/California/CaliforniaCodeofRegulations?guid=I6AE00920D49011DEBC02831C6D6C108E&amp;originationContext=documenttoc&amp;transitionType=Default&amp;contextData=(sc.Default)
https://govt.westlaw.com/calregs/Browse/Home/California/CaliforniaCodeofRegulations?guid=I57E4E745CEE34880BBF8BEF49FE7DAE0&amp;originationContext=documenttoc&amp;transitionType=Default&amp;contextData=(sc.Default)
https://govt.westlaw.com/calregs/Browse/Home/California/CaliforniaCodeofRegulations?guid=I954E9D70D49011DEBC02831C6D6C108E&amp;originationContext=documenttoc&amp;transitionType=Default&amp;contextData=(sc.Default)
https://govt.westlaw.com/calregs/Browse/Home/California/CaliforniaCodeofRegulations?guid=I99AAA490D49011DEBC02831C6D6C108E&amp;originationContext=documenttoc&amp;transitionType=Default&amp;contextData=(sc.Default)
https://govt.westlaw.com/calregs/Browse/Home/California/CaliforniaCodeofRegulations?guid=IDBE26500D49011DEBC02831C6D6C108E&amp;originationContext=documenttoc&amp;transitionType=Default&amp;contextData=(sc.Default)
https://govt.westlaw.com/calregs/Browse/Home/California/CaliforniaCodeofRegulations?guid=IF1F02580D49011DEBC02831C6D6C108E&amp;originationContext=documenttoc&amp;transitionType=Default&amp;contextData=(sc.Default)
https://govt.westlaw.com/calregs/Browse/Home/California/CaliforniaCodeofRegulations?guid=IFFAD7330D49011DEBC02831C6D6C108E&amp;originationContext=documenttoc&amp;transitionType=Default&amp;contextData=(sc.Default)
https://govt.westlaw.com/calregs/Browse/Home/California/CaliforniaCodeofRegulations?guid=I00F3AED0D49111DEBC02831C6D6C108E&amp;originationContext=documenttoc&amp;transitionType=Default&amp;contextData=(sc.Default)
https://govt.westlaw.com/calregs/Browse/Home/California/CaliforniaCodeofRegulations?guid=I0C15DF40D49111DEBC02831C6D6C108E&amp;originationContext=documenttoc&amp;transitionType=Default&amp;contextData=(sc.Default)
https://govt.westlaw.com/calregs/Browse/Home/California/CaliforniaCodeofRegulations?guid=I1CBD0670D49111DEBC02831C6D6C108E&amp;originationContext=documenttoc&amp;transitionType=Default&amp;contextData=(sc.Default)
https://govt.westlaw.com/calregs/Browse/Home/California/CaliforniaCodeofRegulations?guid=I90C4FDC0D31411DFA82BAC85EC2EB12C&amp;originationContext=documenttoc&amp;transitionType=Default&amp;contextData=(sc.Default)
https://govt.westlaw.com/calregs/Browse/Home/California/CaliforniaCodeofRegulations?guid=I3EE735E0D49111DEBC02831C6D6C108E&amp;originationContext=documenttoc&amp;transitionType=Default&amp;contextData=(sc.Default)
https://govt.westlaw.com/calregs/Browse/Home/California/CaliforniaCodeofRegulations?guid=I4FED156FFBDB44B7B8B760B98AE4EC26&amp;originationContext=documenttoc&amp;transitionType=Default&amp;contextData=(sc.Default)
https://govt.westlaw.com/calregs/Browse/Home/California/CaliforniaCodeofRegulations?guid=I702B1131C7564295B6F9B14EEBDB190C&amp;originationContext=documenttoc&amp;transitionType=Default&amp;contextData=(sc.Default)
https://govt.westlaw.com/calregs/Browse/Home/California/CaliforniaCodeofRegulations?guid=I790FDEA0D45711DEB97CF67CD0B99467&amp;originationContext=documenttoc&amp;transitionType=Default&amp;contextData=(sc.Default)
https://govt.westlaw.com/calregs/Browse/Home/California/CaliforniaCodeofRegulations?guid=I81A8F330D45711DEB97CF67CD0B99467&amp;originationContext=documenttoc&amp;transitionType=Default&amp;contextData=(sc.Default)
https://govt.westlaw.com/calregs/Browse/Home/California/CaliforniaCodeofRegulations?guid=I3D910BA0D45811DEB97CF67CD0B99467&amp;originationContext=documenttoc&amp;transitionType=Default&amp;contextData=(sc.Default)
https://govt.westlaw.com/calregs/Browse/Home/California/CaliforniaCodeofRegulations?guid=I7C0EB4D0D45911DEB97CF67CD0B99467&amp;originationContext=documenttoc&amp;transitionType=Default&amp;contextData=(sc.Default)
https://govt.westlaw.com/calregs/Browse/Home/California/CaliforniaCodeofRegulations?guid=I86B40D9014F943B3ABB5C581F132E13D&amp;originationContext=documenttoc&amp;transitionType=Default&amp;contextData=(sc.Default)
https://govt.westlaw.com/calregs/Browse/Home/California/CaliforniaCodeofRegulations?guid=I430BDE50D45A11DEB97CF67CD0B99467&amp;originationContext=documenttoc&amp;transitionType=Default&amp;contextData=(sc.Default)
https://govt.westlaw.com/calregs/Browse/Home/California/CaliforniaCodeofRegulations?guid=IB46EF7D0D45A11DEB97CF67CD0B99467&amp;originationContext=documenttoc&amp;transitionType=Default&amp;contextData=(sc.Default)
https://govt.westlaw.com/calregs/Browse/Home/California/CaliforniaCodeofRegulations?guid=I70264FA18B1B4D5FAA36F5E2C4DA58AC&amp;originationContext=documenttoc&amp;transitionType=Default&amp;contextData=(sc.Default)
https://govt.westlaw.com/calregs/Browse/Home/California/CaliforniaCodeofRegulations?guid=I388626F0D60511DE88AEDDE29ED1DC0A&amp;originationContext=documenttoc&amp;transitionType=Default&amp;contextData=(sc.Default)
https://govt.westlaw.com/calregs/Browse/Home/California/CaliforniaCodeofRegulations?guid=I2EB78DB0D60711DE88AEDDE29ED1DC0A&amp;originationContext=documenttoc&amp;transitionType=Default&amp;contextData=(sc.Default)
https://govt.westlaw.com/calregs/Browse/Home/California/CaliforniaCodeofRegulations?guid=IC39BB410D60711DE88AEDDE29ED1DC0A&amp;originationContext=documenttoc&amp;transitionType=Default&amp;contextData=(sc.Default)
https://govt.westlaw.com/calregs/Browse/Home/California/CaliforniaCodeofRegulations?guid=I81690740D60811DE88AEDDE29ED1DC0A&amp;originationContext=documenttoc&amp;transitionType=Default&amp;contextData=(sc.Default)
https://govt.westlaw.com/calregs/Browse/Home/California/CaliforniaCodeofRegulations?guid=I8260ADB0D60811DE88AEDDE29ED1DC0A&amp;originationContext=documenttoc&amp;transitionType=Default&amp;contextData=(sc.Default)
https://govt.westlaw.com/calregs/Browse/Home/California/CaliforniaCodeofRegulations?guid=I867A2DE080EF11E3919DFDAA2C695CEE&amp;originationContext=documenttoc&amp;transitionType=Default&amp;contextData=(sc.Default)
https://govt.westlaw.com/calregs/Browse/Home/California/CaliforniaCodeofRegulations?guid=I51C03220078211E3A8E0B021DF1F7DCE&amp;originationContext=documenttoc&amp;transitionType=Default&amp;contextData=(sc.Default)
https://govt.westlaw.com/calregs/Browse/Home/California/CaliforniaCodeofRegulations?guid=IB4B82C70D47311DEBC02831C6D6C108E&amp;originationContext=documenttoc&amp;transitionType=Default&amp;contextData=(sc.Default)
https://govt.westlaw.com/calregs/Browse/Home/California/CaliforniaCodeofRegulations?guid=I81DAC29AA8C1421E882CBD08B53871FF&amp;originationContext=documenttoc&amp;transitionType=Default&amp;contextData=(sc.Default)
https://govt.westlaw.com/calregs/Browse/Home/California/CaliforniaCodeofRegulations?guid=IBD096AD5E996417E986DE268D62F78D8&amp;originationContext=documenttoc&amp;transitionType=Default&amp;contextData=(sc.Default)
https://govt.westlaw.com/calregs/Browse/Home/California/CaliforniaCodeofRegulations?guid=IBF7A1F00D47411DEBC02831C6D6C108E&amp;originationContext=documenttoc&amp;transitionType=Default&amp;contextData=(sc.Default)
https://govt.westlaw.com/calregs/Browse/Home/California/CaliforniaCodeofRegulations?guid=ID4FF9CB0D47411DEBC02831C6D6C108E&amp;originationContext=documenttoc&amp;transitionType=Default&amp;contextData=(sc.Default)
https://govt.westlaw.com/calregs/Browse/Home/California/CaliforniaCodeofRegulations?guid=I1A6D4B37A4AC43E69920C214644D57FA&amp;originationContext=documenttoc&amp;transitionType=Default&amp;contextData=(sc.Default)
https://govt.westlaw.com/calregs/Browse/Home/California/CaliforniaCodeofRegulations?guid=IC199F6008AC411DFB926EE3FA456AF93&amp;originationContext=documenttoc&amp;transitionType=Default&amp;contextData=(sc.Default)
https://govt.westlaw.com/calregs/Browse/Home/California/CaliforniaCodeofRegulations?guid=IE0D00790831111E487EFAE6476CD7BB9&amp;originationContext=documenttoc&amp;transitionType=Default&amp;contextData=(sc.Default)
https://govt.westlaw.com/calregs/Browse/Home/California/CaliforniaCodeofRegulations?guid=I83613FD0D47E11DEBC02831C6D6C108E&amp;originationContext=documenttoc&amp;transitionType=Default&amp;contextData=(sc.Default)
https://govt.westlaw.com/calregs/Browse/Home/California/CaliforniaCodeofRegulations?guid=IE6A3D5A0D48111DEBC02831C6D6C108E&amp;originationContext=documenttoc&amp;transitionType=Default&amp;contextData=(sc.Default)
https://govt.westlaw.com/calregs/Browse/Home/California/CaliforniaCodeofRegulations?guid=I0DF8F4F0D48211DEBC02831C6D6C108E&amp;originationContext=documenttoc&amp;transitionType=Default&amp;contextData=(sc.Default)
https://govt.westlaw.com/calregs/Browse/Home/California/CaliforniaCodeofRegulations?guid=I4C189510D48211DEBC02831C6D6C108E&amp;originationContext=documenttoc&amp;transitionType=Default&amp;contextData=(sc.Default)
https://govt.westlaw.com/calregs/Browse/Home/California/CaliforniaCodeofRegulations?guid=I710518D0D48211DEBC02831C6D6C108E&amp;originationContext=documenttoc&amp;transitionType=Default&amp;contextData=(sc.Default)
https://govt.westlaw.com/calregs/Browse/Home/California/CaliforniaCodeofRegulations?guid=IC480B5A0D48211DEBC02831C6D6C108E&amp;originationContext=documenttoc&amp;transitionType=Default&amp;contextData=(sc.Default)
https://govt.westlaw.com/calregs/Browse/Home/California/CaliforniaCodeofRegulations?guid=ICDF1DAB0D48211DEBC02831C6D6C108E&amp;originationContext=documenttoc&amp;transitionType=Default&amp;contextData=(sc.Default)
https://govt.westlaw.com/calregs/Browse/Home/California/CaliforniaCodeofRegulations?guid=I3C0A67A0D48411DEBC02831C6D6C108E&amp;originationContext=documenttoc&amp;transitionType=Default&amp;contextData=(sc.Default)
https://govt.westlaw.com/calregs/Browse/Home/California/CaliforniaCodeofRegulations?guid=I42566D00D48611DEBC02831C6D6C108E&amp;originationContext=documenttoc&amp;transitionType=Default&amp;contextData=(sc.Default)
https://govt.westlaw.com/calregs/Browse/Home/California/CaliforniaCodeofRegulations?guid=I56C4D560D48611DEBC02831C6D6C108E&amp;originationContext=documenttoc&amp;transitionType=Default&amp;contextData=(sc.Default)
https://govt.westlaw.com/calregs/Browse/Home/California/CaliforniaCodeofRegulations?guid=I3343FA20D48711DEBC02831C6D6C108E&amp;originationContext=documenttoc&amp;transitionType=Default&amp;contextData=(sc.Default)
https://govt.westlaw.com/calregs/Browse/Home/California/CaliforniaCodeofRegulations?guid=I07B7F270D48811DEBC02831C6D6C108E&amp;originationContext=documenttoc&amp;transitionType=Default&amp;contextData=(sc.Default)
https://govt.westlaw.com/calregs/Browse/Home/California/CaliforniaCodeofRegulations?guid=I0AB66560D48811DEBC02831C6D6C108E&amp;originationContext=documenttoc&amp;transitionType=Default&amp;contextData=(sc.Default)
https://govt.westlaw.com/calregs/Browse/Home/California/CaliforniaCodeofRegulations?guid=I94869BB0D45211DEB97CF67CD0B99467&amp;originationContext=documenttoc&amp;transitionType=Default&amp;contextData=(sc.Default)
https://govt.westlaw.com/calregs/Browse/Home/California/CaliforniaCodeofRegulations?guid=I81D8B290D45311DEB97CF67CD0B99467&amp;originationContext=documenttoc&amp;transitionType=Default&amp;contextData=(sc.Default)
https://govt.westlaw.com/calregs/Browse/Home/California/CaliforniaCodeofRegulations?guid=IE2D7EF70D45311DEB97CF67CD0B99467&amp;originationContext=documenttoc&amp;transitionType=Default&amp;contextData=(sc.Default)
https://govt.westlaw.com/calregs/Browse/Home/California/CaliforniaCodeofRegulations?guid=I19178FD3E53D416A9B19CDA382FAC542&amp;originationContext=documenttoc&amp;transitionType=Default&amp;contextData=(sc.Default)
https://govt.westlaw.com/calregs/Browse/Home/California/CaliforniaCodeofRegulations?guid=I025885E0D45811DEA95CA4428EC25FA0&amp;originationContext=documenttoc&amp;transitionType=Default&amp;contextData=(sc.Default)
https://govt.westlaw.com/calregs/Browse/Home/California/CaliforniaCodeofRegulations?guid=I2A94A9D0D45811DEA95CA4428EC25FA0&amp;originationContext=documenttoc&amp;transitionType=Default&amp;contextData=(sc.Default)
https://govt.westlaw.com/calregs/Browse/Home/California/CaliforniaCodeofRegulations?guid=I315D6B30D45811DEA95CA4428EC25FA0&amp;originationContext=documenttoc&amp;transitionType=Default&amp;contextData=(sc.Default)
https://govt.westlaw.com/calregs/Browse/Home/California/CaliforniaCodeofRegulations?guid=IEEB7A620C946475DB5EE2032B8E27A38&amp;originationContext=documenttoc&amp;transitionType=Default&amp;contextData=(sc.Default)
https://govt.westlaw.com/calregs/Browse/Home/California/CaliforniaCodeofRegulations?guid=IAC69F7D0D45811DEA95CA4428EC25FA0&amp;originationContext=documenttoc&amp;transitionType=Default&amp;contextData=(sc.Default)
https://govt.westlaw.com/calregs/Browse/Home/California/CaliforniaCodeofRegulations?guid=I34625150D45911DEA95CA4428EC25FA0&amp;originationContext=documenttoc&amp;transitionType=Default&amp;contextData=(sc.Default)
https://govt.westlaw.com/calregs/Browse/Home/California/CaliforniaCodeofRegulations?guid=I34CCD2F0D45911DEA95CA4428EC25FA0&amp;originationContext=documenttoc&amp;transitionType=Default&amp;contextData=(sc.Default)
https://govt.westlaw.com/calregs/Browse/Home/California/CaliforniaCodeofRegulations?guid=I50F9A750D45911DEA95CA4428EC25FA0&amp;originationContext=documenttoc&amp;transitionType=Default&amp;contextData=(sc.Default)
https://govt.westlaw.com/calregs/Browse/Home/California/CaliforniaCodeofRegulations?guid=I515004B0D45911DEA95CA4428EC25FA0&amp;originationContext=documenttoc&amp;transitionType=Default&amp;contextData=(sc.Default)
https://govt.westlaw.com/calregs/Browse/Home/California/CaliforniaCodeofRegulations?guid=I519487C0D45911DEA95CA4428EC25FA0&amp;originationContext=documenttoc&amp;transitionType=Default&amp;contextData=(sc.Default)
https://govt.westlaw.com/calregs/Browse/Home/California/CaliforniaCodeofRegulations?guid=IBAE429B0953311DF9947EFE769199B91&amp;originationContext=documenttoc&amp;transitionType=Default&amp;contextData=(sc.Default)
https://govt.westlaw.com/calregs/Browse/Home/California/CaliforniaCodeofRegulations?guid=ICD39F97138214FE9A83FD0F9DEAF550C&amp;originationContext=documenttoc&amp;transitionType=Default&amp;contextData=(sc.Default)
https://govt.westlaw.com/calregs/Browse/Home/California/CaliforniaCodeofRegulations?guid=IFCD92280D45911DEA95CA4428EC25FA0&amp;originationContext=documenttoc&amp;transitionType=Default&amp;contextData=(sc.Default)
https://govt.westlaw.com/calregs/Browse/Home/California/CaliforniaCodeofRegulations?guid=I11C80580D45A11DEA95CA4428EC25FA0&amp;originationContext=documenttoc&amp;transitionType=Default&amp;contextData=(sc.Default)
https://govt.westlaw.com/calregs/Browse/Home/California/CaliforniaCodeofRegulations?guid=I2FB304A0D45A11DEA95CA4428EC25FA0&amp;originationContext=documenttoc&amp;transitionType=Default&amp;contextData=(sc.Default)
https://govt.westlaw.com/calregs/Browse/Home/California/CaliforniaCodeofRegulations?guid=ID3BEBF0360074A33BABEFD480CC3196E&amp;originationContext=documenttoc&amp;transitionType=Default&amp;contextData=(sc.Default)
https://govt.westlaw.com/calregs/Browse/Home/California/CaliforniaCodeofRegulations?guid=I3BBF6E00D45A11DEA95CA4428EC25FA0&amp;originationContext=documenttoc&amp;transitionType=Default&amp;contextData=(sc.Default)
https://govt.westlaw.com/calregs/Browse/Home/California/CaliforniaCodeofRegulations?guid=I3C3DC5C0D45A11DEA95CA4428EC25FA0&amp;originationContext=documenttoc&amp;transitionType=Default&amp;contextData=(sc.Default)
https://govt.westlaw.com/calregs/Browse/Home/California/CaliforniaCodeofRegulations?guid=I461351F0D45A11DEA95CA4428EC25FA0&amp;originationContext=documenttoc&amp;transitionType=Default&amp;contextData=(sc.Default)
https://govt.westlaw.com/calregs/Browse/Home/California/CaliforniaCodeofRegulations?guid=I47624020D45A11DEA95CA4428EC25FA0&amp;originationContext=documenttoc&amp;transitionType=Default&amp;contextData=(sc.Default)
https://govt.westlaw.com/calregs/Browse/Home/California/CaliforniaCodeofRegulations?guid=I52D799A0D45A11DEA95CA4428EC25FA0&amp;originationContext=documenttoc&amp;transitionType=Default&amp;contextData=(sc.Default)
https://govt.westlaw.com/calregs/Browse/Home/California/CaliforniaCodeofRegulations?guid=IBCE5E61057F947CB9EA418924CB11560&amp;originationContext=documenttoc&amp;transitionType=Default&amp;contextData=(sc.Default)
https://govt.westlaw.com/calregs/Browse/Home/California/CaliforniaCodeofRegulations?guid=I44682911D45111DEB97CF67CD0B99467&amp;originationContext=documenttoc&amp;transitionType=Default&amp;contextData=(sc.Default)
https://govt.westlaw.com/calregs/Browse/Home/California/CaliforniaCodeofRegulations?guid=ID9E86860D45111DEB97CF67CD0B99467&amp;originationContext=documenttoc&amp;transitionType=Default&amp;contextData=(sc.Default)
https://govt.westlaw.com/calregs/Browse/Home/California/CaliforniaCodeofRegulations?guid=IE476BD40D45111DEB97CF67CD0B99467&amp;originationContext=documenttoc&amp;transitionType=Default&amp;contextData=(sc.Default)
https://govt.westlaw.com/calregs/Browse/Home/California/CaliforniaCodeofRegulations?guid=IEA4A4930D45111DEB97CF67CD0B99467&amp;originationContext=documenttoc&amp;transitionType=Default&amp;contextData=(sc.Default)
https://govt.westlaw.com/calregs/Browse/Home/California/CaliforniaCodeofRegulations?guid=IEE2D76D0D45111DEB97CF67CD0B99467&amp;originationContext=documenttoc&amp;transitionType=Default&amp;contextData=(sc.Default)
https://govt.westlaw.com/calregs/Browse/Home/California/CaliforniaCodeofRegulations?guid=I2284778040D311E2ADD39CE72F70552D&amp;originationContext=documenttoc&amp;transitionType=Default&amp;contextData=(sc.Default)
https://govt.westlaw.com/calregs/Browse/Home/California/CaliforniaCodeofRegulations?guid=IAE48A0B0D44911DEB97CF67CD0B99467&amp;originationContext=documenttoc&amp;transitionType=Default&amp;contextData=(sc.Default)
https://govt.westlaw.com/calregs/Browse/Home/California/CaliforniaCodeofRegulations?guid=IC68CBEA0D44811DEA95CA4428EC25FA0&amp;originationContext=documenttoc&amp;transitionType=Default&amp;contextData=(sc.Default)
https://govt.westlaw.com/calregs/Browse/Home/California/CaliforniaCodeofRegulations?guid=IC70AC840D44811DEA95CA4428EC25FA0&amp;originationContext=documenttoc&amp;transitionType=Default&amp;contextData=(sc.Default)
https://govt.westlaw.com/calregs/Browse/Home/California/CaliforniaCodeofRegulations?guid=ICBC2DBD0D47911DE8879F88E8B0DAAAE&amp;originationContext=documenttoc&amp;transitionType=Default&amp;contextData=(sc.Default)
https://govt.westlaw.com/calregs/Browse/Home/California/CaliforniaCodeofRegulations?guid=I352CED20D48111DE8879F88E8B0DAAAE&amp;originationContext=documenttoc&amp;transitionType=Default&amp;contextData=(sc.Default)
https://govt.westlaw.com/calregs/Browse/Home/California/CaliforniaCodeofRegulations?guid=I706090E0D48111DE8879F88E8B0DAAAE&amp;originationContext=documenttoc&amp;transitionType=Default&amp;contextData=(sc.Default)
https://govt.westlaw.com/calregs/Browse/Home/California/CaliforniaCodeofRegulations?guid=IF32F49F0D44811DEA95CA4428EC25FA0&amp;originationContext=documenttoc&amp;transitionType=Default&amp;contextData=(sc.Default)
https://govt.westlaw.com/calregs/Browse/Home/California/CaliforniaCodeofRegulations?guid=IF39BEE70D44811DEA95CA4428EC25FA0&amp;originationContext=documenttoc&amp;transitionType=Default&amp;contextData=(sc.Default)
https://govt.westlaw.com/calregs/Browse/Home/California/CaliforniaCodeofRegulations?guid=I08242060D44911DEA95CA4428EC25FA0&amp;originationContext=documenttoc&amp;transitionType=Default&amp;contextData=(sc.Default)
